{
    "batch_size": 128,
    "best_eval_metric": 0.5161207914352417,
    "best_increase_batch_size_eval_metric": Infinity,
    "best_reduce_learning_rate_eval_metric": Infinity,
    "epoch": 10,
    "last_improvement": 0,
    "last_improvement_epoch": 10,
    "last_increase_batch_size": 0,
    "last_increase_batch_size_epoch": 0,
    "last_increase_batch_size_eval_metric_improvement": 0,
    "last_learning_rate_reduction": 0,
    "last_learning_rate_reduction_epoch": 0,
    "last_reduce_learning_rate_eval_metric_improvement": 0,
    "learning_rate": 0.001,
    "num_increases_batch_size": 0,
    "num_reductions_learning_rate": 0,
    "steps": 360,
    "test_metrics": {
        "combined": {
            "loss": [
                0.6989904046058655,
                0.6776849627494812,
                0.6574704647064209,
                0.6378875970840454,
                0.6195352077484131,
                0.6022951006889343,
                0.5858230590820312,
                0.5704447031021118,
                0.5557497143745422,
                0.5416223406791687
            ]
        },
        "rezultat testare": {
            "accuracy": [
                0.7758755087852478,
                0.8622568249702454,
                0.8607003688812256,
                0.8607003688812256,
                0.8622568249702454,
                0.9003890752792358,
                0.9035019278526306,
                0.9035019278526306,
                0.9058365821838379,
                0.9066147804260254
            ],
            "loss": [
                0.7039496898651123,
                0.687526285648346,
                0.671694815158844,
                0.6563165187835693,
                0.6418238282203674,
                0.6280558109283447,
                0.614898681640625,
                0.602473258972168,
                0.5905888080596924,
                0.5791634321212769
            ]
        }
    },
    "train_metrics": {
        "combined": {
            "loss": [
                0.6704035997390747,
                0.6476013660430908,
                0.6254198551177979,
                0.6053198575973511,
                0.5865521430969238,
                0.5693091154098511,
                0.5528298616409302,
                0.537451446056366,
                0.5232224464416504,
                0.5095440149307251
            ]
        },
        "rezultat testare": {
            "accuracy": [
                0.7779731750488281,
                0.864365816116333,
                0.864365816116333,
                0.8645856380462646,
                0.8645856380462646,
                0.8988788723945618,
                0.9015167951583862,
                0.9015167951583862,
                0.9028357863426208,
                0.9030556082725525
            ],
            "loss": [
                0.6907932758331299,
                0.6734716892242432,
                0.6565179824829102,
                0.6405056715011597,
                0.6253950595855713,
                0.6111361384391785,
                0.597459077835083,
                0.5845000147819519,
                0.5722339153289795,
                0.5604192614555359
            ]
        }
    },
    "vali_metrics": {
        "combined": {
            "loss": [
                0.657933235168457,
                0.6386707425117493,
                0.6203768253326416,
                0.6027817726135254,
                0.5862938165664673,
                0.5707852244377136,
                0.5559557676315308,
                0.5420962572097778,
                0.5288286805152893,
                0.5161207914352417
            ]
        },
        "rezultat testare": {
            "accuracy": [
                0.761904776096344,
                0.8472906351089478,
                0.8472906351089478,
                0.8472906351089478,
                0.8472906351089478,
                0.8916256427764893,
                0.8965517282485962,
                0.8965517282485962,
                0.8965517282485962,
                0.8965517282485962
            ],
            "loss": [
                0.6821843385696411,
                0.6655335426330566,
                0.6493422985076904,
                0.6337844133377075,
                0.6191242337226868,
                0.6051927208900452,
                0.5918518900871277,
                0.5792225003242493,
                0.5671399235725403,
                0.5555597543716431
            ]
        }
    }
}