{
    "test": {
        "combined": {
            "loss": [
                0.699054479598999,
                0.6777780055999756,
                0.6576333045959473,
                0.6376639008522034,
                0.6191477179527283,
                0.6018275618553162,
                0.5850701332092285,
                0.5701194405555725,
                0.5547382235527039,
                0.5406774878501892
            ]
        },
        "rezultat testare": {
            "accuracy": [
                0.7758755087852478,
                0.8622568249702454,
                0.8607003688812256,
                0.8607003688812256,
                0.8622568249702454,
                0.9003890752792358,
                0.9027237296104431,
                0.9058365821838379,
                0.9058365821838379,
                0.9066147804260254
            ],
            "loss": [
                0.7039914727210999,
                0.6876371502876282,
                0.6718977689743042,
                0.6563271880149841,
                0.6417478322982788,
                0.6279299259185791,
                0.6146251559257507,
                0.6024842858314514,
                0.5902239084243774,
                0.5788155198097229
            ]
        }
    },
    "training": {
        "combined": {
            "loss": [
                0.6942059397697449,
                0.6768662929534912,
                0.6600229740142822,
                0.6439410448074341,
                0.6286410093307495,
                0.6141762733459473,
                0.6003918051719666,
                0.5875095129013062,
                0.5748289823532104,
                0.5630056858062744
            ]
        },
        "rezultat testare": {
            "accuracy": [
                0.7779731750488281,
                0.864365816116333,
                0.864365816116333,
                0.864365816116333,
                0.8645856380462646,
                0.8988788723945618,
                0.9015167951583862,
                0.9026159644126892,
                0.9028357863426208,
                0.9030556082725525
            ],
            "loss": [
                0.6910451054573059,
                0.6737433671951294,
                0.6569280028343201,
                0.6409324407577515,
                0.6256980299949646,
                0.6112996935844421,
                0.5976136326789856,
                0.5847869515419006,
                0.5722276568412781,
                0.5605164170265198
            ]
        }
    },
    "validation": {
        "combined": {
            "loss": [
                0.657951831817627,
                0.6387591361999512,
                0.6205373406410217,
                0.602689266204834,
                0.585999608039856,
                0.5704342722892761,
                0.5553889870643616,
                0.5418475866317749,
                0.5280469655990601,
                0.5154106616973877
            ]
        },
        "rezultat testare": {
            "accuracy": [
                0.761904776096344,
                0.8472906351089478,
                0.8472906351089478,
                0.8472906351089478,
                0.8472906351089478,
                0.8916256427764893,
                0.8965517282485962,
                0.8965517282485962,
                0.8965517282485962,
                0.8965517282485962
            ],
            "loss": [
                0.6821976900100708,
                0.6655746698379517,
                0.6495043635368347,
                0.6338874101638794,
                0.6190826296806335,
                0.6050666570663452,
                0.5916422009468079,
                0.5791820287704468,
                0.5668217539787292,
                0.5552935600280762
            ]
        }
    }
}