{
    "test": {
        "combined": {
            "loss": [
                0.6989790797233582,
                0.6776576042175293,
                0.6565215587615967,
                0.6374638080596924,
                0.6184287667274475,
                0.6010491847991943,
                0.5845669507980347,
                0.5687957406044006,
                0.5540211200714111,
                0.5404788255691528,
                0.5275046825408936,
                0.5153312683105469,
                0.5031710267066956,
                0.4917203187942505,
                0.48142245411872864,
                0.4717155694961548,
                0.462075412273407,
                0.45330560207366943,
                0.4447341859340668,
                0.43668290972709656
            ]
        },
        "rezultat testare": {
            "accuracy": [
                0.7758755087852478,
                0.8622568249702454,
                0.8607003688812256,
                0.8607003688812256,
                0.8622568249702454,
                0.9003890752792358,
                0.9035019278526306,
                0.9058365821838379,
                0.9058365821838379,
                0.9066147804260254,
                0.9066147804260254,
                0.9066147804260254,
                0.9066147804260254,
                0.9066147804260254,
                0.9066147804260254,
                0.9066147804260254,
                0.9066147804260254,
                0.9066147804260254,
                0.9066147804260254,
                0.9066147804260254
            ],
            "loss": [
                0.7039421200752258,
                0.6875633001327515,
                0.6712394952774048,
                0.6561921834945679,
                0.6413142085075378,
                0.6274672746658325,
                0.6143234968185425,
                0.6016786098480225,
                0.5897650122642517,
                0.5786637663841248,
                0.5680055022239685,
                0.5579453110694885,
                0.5479798913002014,
                0.5385647416114807,
                0.5298891067504883,
                0.5216554999351501,
                0.5135988593101501,
                0.5061411261558533,
                0.49880191683769226,
                0.4918901324272156
            ]
        }
    },
    "training": {
        "combined": {
            "loss": [
                0.6910737752914429,
                0.6731696724891663,
                0.6556918025016785,
                0.6394140720367432,
                0.623737633228302,
                0.6089077591896057,
                0.5949999690055847,
                0.5816158056259155,
                0.5689480304718018,
                0.5570145845413208,
                0.5455795526504517,
                0.5347152352333069,
                0.5242863893508911,
                0.5143792033195496,
                0.5049664378166199,
                0.496026873588562,
                0.48744821548461914,
                0.4792849123477936,
                0.47145822644233704,
                0.46398523449897766
            ]
        },
        "rezultat testare": {
            "accuracy": [
                0.7779731750488281,
                0.864365816116333,
                0.864365816116333,
                0.8645856380462646,
                0.8645856380462646,
                0.8988788723945618,
                0.9015167951583862,
                0.9026159644126892,
                0.9028357863426208,
                0.9030556082725525,
                0.9030556082725525,
                0.9030556082725525,
                0.9030556082725525,
                0.9030556082725525,
                0.9030556082725525,
                0.9032754302024841,
                0.9032754302024841,
                0.9032754302024841,
                0.9034952521324158,
                0.9034952521324158
            ],
            "loss": [
                0.6901032328605652,
                0.6726028919219971,
                0.6555152535438538,
                0.6396459937095642,
                0.6243436932563782,
                0.609908401966095,
                0.5963594913482666,
                0.5833373665809631,
                0.5710390210151672,
                0.5594637989997864,
                0.5483877062797546,
                0.5378766059875488,
                0.5277645587921143,
                0.518166184425354,
                0.5090768337249756,
                0.5004644393920898,
                0.4921763241291046,
                0.48432308435440063,
                0.4767843782901764,
                0.46959352493286133
            ]
        }
    },
    "validation": {
        "combined": {
            "loss": [
                0.6579323410987854,
                0.6386312246322632,
                0.6196624040603638,
                0.6024596095085144,
                0.5854548215866089,
                0.569813072681427,
                0.5550225973129272,
                0.5408627390861511,
                0.52752286195755,
                0.5152751207351685,
                0.5035220384597778,
                0.4924824833869934,
                0.4815851151943207,
                0.47128304839134216,
                0.4619777202606201,
                0.45315542817115784,
                0.4444970190525055,
                0.4365597367286682,
                0.4288892149925232,
                0.42167791724205017
            ]
        },
        "rezultat testare": {
            "accuracy": [
                0.761904776096344,
                0.8472906351089478,
                0.8472906351089478,
                0.8472906351089478,
                0.8472906351089478,
                0.8916256427764893,
                0.8965517282485962,
                0.8965517282485962,
                0.8965517282485962,
                0.8965517282485962,
                0.8965517282485962,
                0.8965517282485962,
                0.8965517282485962,
                0.8965517282485962,
                0.8965517282485962,
                0.8965517282485962,
                0.8965517282485962,
                0.8965517282485962,
                0.8965517282485962,
                0.8965517282485962
            ],
            "loss": [
                0.6821810603141785,
                0.665481448173523,
                0.6490167379379272,
                0.6337023973464966,
                0.6187685132026672,
                0.6046816110610962,
                0.5914432406425476,
                0.5786586403846741,
                0.5665324926376343,
                0.5551932454109192,
                0.5443093180656433,
                0.5339824557304382,
                0.5239628553390503,
                0.5144203901290894,
                0.5055524110794067,
                0.49709588289260864,
                0.488880455493927,
                0.4812031686306,
                0.4737760126590729,
                0.4667472243309021
            ]
        }
    }
}