{
    "test": {
        "combined": {
            "loss": [
                0.6991052031517029,
                0.6775739192962646,
                0.6569594740867615,
                0.6375610828399658,
                0.6191930770874023,
                0.6018096804618835,
                0.5851566791534424,
                0.5698186159133911,
                0.554832935333252,
                0.5409449934959412,
                0.5276898741722107,
                0.5149075984954834,
                0.5028230547904968,
                0.49193868041038513,
                0.48112401366233826,
                0.47109708189964294,
                0.4615076184272766,
                0.4527123272418976,
                0.4438360035419464,
                0.43609419465065,
                0.428355872631073,
                0.42153552174568176,
                0.41463327407836914,
                0.4086832106113434,
                0.40215834975242615,
                0.39663782715797424,
                0.39126816391944885,
                0.3865258991718292,
                0.3812337815761566,
                0.3770682215690613,
                0.372659295797348,
                0.3686548173427582,
                0.36463481187820435,
                0.36099666357040405,
                0.3574354946613312,
                0.354234904050827,
                0.35084789991378784,
                0.3478992283344269,
                0.34534865617752075,
                0.3422352075576782
            ]
        },
        "rezultat testare": {
            "accuracy": [
                0.7758755087852478,
                0.8622568249702454,
                0.8607003688812256,
                0.8607003688812256,
                0.8622568249702454,
                0.9003890752792358,
                0.9035019278526306,
                0.9058365821838379,
                0.9058365821838379,
                0.9066147804260254,
                0.9066147804260254,
                0.9066147804260254,
                0.9066147804260254,
                0.9066147804260254,
                0.9066147804260254,
                0.9066147804260254,
                0.9066147804260254,
                0.9066147804260254,
                0.9066147804260254,
                0.9066147804260254,
                0.9066147804260254,
                0.9066147804260254,
                0.9066147804260254,
                0.9066147804260254,
                0.9066147804260254,
                0.9066147804260254,
                0.9066147804260254,
                0.9066147804260254,
                0.9066147804260254,
                0.9066147804260254,
                0.9066147804260254,
                0.9066147804260254,
                0.9066147804260254,
                0.9066147804260254,
                0.9066147804260254,
                0.9066147804260254,
                0.9066147804260254,
                0.9066147804260254,
                0.9066147804260254,
                0.9066147804260254
            ],
            "loss": [
                0.7040289044380188,
                0.6875250935554504,
                0.6714481711387634,
                0.6562284827232361,
                0.6417030692100525,
                0.6278582215309143,
                0.6146419644355774,
                0.6021971106529236,
                0.5901568531990051,
                0.5788794159889221,
                0.5680837035179138,
                0.5576625466346741,
                0.5477928519248962,
                0.5386807918548584,
                0.5297595858573914,
                0.5213506817817688,
                0.5133098363876343,
                0.5057969689369202,
                0.49837732315063477,
                0.4916481673717499,
                0.485019326210022,
                0.4789853096008301,
                0.4729713201522827,
                0.4675559997558594,
                0.46190670132637024,
                0.4568798840045929,
                0.45204779505729675,
                0.44760406017303467,
                0.4428692162036896,
                0.43885543942451477,
                0.4347488284111023,
                0.4309057891368866,
                0.4271531105041504,
                0.4236389100551605,
                0.42021360993385315,
                0.41705521941185,
                0.41374263167381287,
                0.41080448031425476,
                0.4081016778945923,
                0.4050997793674469
            ]
        }
    },
    "training": {
        "combined": {
            "loss": [
                0.7014668583869934,
                0.684094250202179,
                0.6672224402427673,
                0.651229977607727,
                0.6360746622085571,
                0.6216095685958862,
                0.6078035831451416,
                0.5948002338409424,
                0.5822167992591858,
                0.5703855156898499,
                0.5590937733650208,
                0.5481846332550049,
                0.537837564945221,
                0.5282112956047058,
                0.5188214778900146,
                0.5099583864212036,
                0.5014873743057251,
                0.4934987425804138,
                0.4856678545475006,
                0.4784652292728424,
                0.4714774489402771,
                0.46495404839515686,
                0.4585995078086853,
                0.4527119994163513,
                0.44679975509643555,
                0.44138675928115845,
                0.4362005591392517,
                0.43133533000946045,
                0.4264221489429474,
                0.4219604730606079,
                0.41761142015457153,
                0.41348233819007874,
                0.40946319699287415,
                0.40568387508392334,
                0.4020186960697174,
                0.3986375033855438,
                0.39517632126808167,
                0.3920259475708008,
                0.38904696702957153,
                0.38597071170806885
            ]
        },
        "rezultat testare": {
            "accuracy": [
                0.7779731750488281,
                0.864365816116333,
                0.864365816116333,
                0.8645856380462646,
                0.8645856380462646,
                0.8988788723945618,
                0.9015167951583862,
                0.9026159644126892,
                0.9028357863426208,
                0.9030556082725525,
                0.9030556082725525,
                0.9030556082725525,
                0.9030556082725525,
                0.9030556082725525,
                0.9032754302024841,
                0.9032754302024841,
                0.9032754302024841,
                0.9034952521324158,
                0.9034952521324158,
                0.9034952521324158,
                0.9034952521324158,
                0.9034952521324158,
                0.9034952521324158,
                0.9034952521324158,
                0.9034952521324158,
                0.9034952521324158,
                0.9034952521324158,
                0.9034952521324158,
                0.9034952521324158,
                0.9034952521324158,
                0.9034952521324158,
                0.9034952521324158,
                0.9034952521324158,
                0.9034952521324158,
                0.9034952521324158,
                0.9034952521324158,
                0.9034952521324158,
                0.9034952521324158,
                0.9034952521324158,
                0.9034952521324158
            ],